2023/01/01;
2023/01/06;
2023/01/07;
2023/01/08;
2023/01/14;
2023/01/15;
2023/01/21;
2023/01/22;
2023/01/28;
2023/01/29;
2023/02/04;
2023/02/05;
2023/02/11;
2023/02/12;
2023/02/18;
2023/02/19;
2023/02/25;
2023/02/26;
2023/03/04;
2023/03/05;
2023/03/11;
2023/03/12;
2023/03/18;
2023/03/19;
2023/03/20;
2023/03/25;
2023/03/26;
2023/04/01;
2023/04/02;
2023/04/06;
2023/04/07;
2023/04/08;
2023/04/09;
2023/04/15;
2023/04/16;
2023/04/22;
2023/04/23;
2023/04/29;
2023/04/30;
2023/05/01;
2023/05/06;
2023/05/07;
2023/05/13;
2023/05/14;
2023/05/20;
2023/05/21;
2023/05/27;
2023/05/28;
2023/06/03;
2023/06/04;
2023/06/10;
2023/06/11;
2023/06/17;
2023/06/18;
2023/06/24;
2023/06/25;
2023/07/01;
2023/07/02;
2023/07/08;
2023/07/09;
2023/07/15;
2023/07/16;
2023/07/22;
2023/07/23;
2023/07/29;
2023/07/30;
2023/08/05;
2023/08/06;
2023/08/12;
2023/08/13;
2023/08/15;
2023/08/19;
2023/08/20;
2023/08/26;
2023/08/27;
2023/09/02;
2023/09/03;
2023/09/09;
2023/09/10;
2023/09/16;
2023/09/17;
2023/09/23;
2023/09/24;
2023/09/30;
2023/10/01;
2023/10/07;
2023/10/08;
2023/10/12;
2023/10/14;
2023/10/15;
2023/10/21;
2023/10/22;
2023/10/28;
2023/10/29;
2023/11/01;
2023/11/04;
2023/11/05;
2023/11/11;
2023/11/12;
2023/11/18;
2023/11/19;
2023/11/25;
2023/11/26;
2023/12/02;
2023/12/03;
2023/12/06;
2023/12/08;
2023/12/09;
2023/12/10;
2023/12/16;
2023/12/17;
2023/12/23;
2023/12/24;
2023/12/25;
2023/12/30;
2023/12/31;
2024/01/01;
2024/01/06;
2024/01/07;
2024/01/13;
2024/01/14;
2024/01/20;
2024/01/21;
2024/01/27;
2024/01/28;
2024/02/03;
2024/02/04;
2024/02/10;
2024/02/11;
2024/02/17;
2024/02/18;
2024/02/24;
2024/02/25;
2024/03/02;
2024/03/03;
2024/03/09;
2024/03/10;
2024/03/16;
2024/03/17;
2024/03/23;
2024/03/24;
2024/03/28;
2024/03/29;
2024/03/30;
2024/03/31;
2024/04/06;
2024/04/07;
2024/04/13;
2024/04/14;
2024/04/20;
2024/04/21;
2024/04/27;
2024/04/28;
2024/05/01;
2024/05/04;
2024/05/05;
2024/05/11;
2024/05/12;
2024/05/18;
2024/05/19;
2024/05/25;
2024/05/26;
2024/06/01;
2024/06/02;
2024/06/08;
2024/06/09;
2024/06/15;
2024/06/16;
2024/06/22;
2024/06/23;
2024/06/29;
2024/06/30;
2024/07/06;
2024/07/07;
2024/07/13;
2024/07/14;
2024/07/20;
2024/07/21;
2024/07/25;
2024/07/27;
2024/07/28;
2024/08/03;
2024/08/04;
2024/08/10;
2024/08/11;
2024/08/15;
2024/08/17;
2024/08/18;
2024/08/24;
2024/08/25;
2024/08/31;
2024/09/01;
2024/09/07;
2024/09/08;
2024/09/14;
2024/09/15;
2024/09/21;
2024/09/22;
2024/09/28;
2024/09/29;
2024/10/05;
2024/10/06;
2024/10/12;
2024/10/13;
2024/10/19;
2024/10/20;
2024/10/26;
2024/10/27;
2024/11/01;
2024/11/02;
2024/11/03;
2024/11/09;
2024/11/10;
2024/11/16;
2024/11/17;
2024/11/23;
2024/11/24;
2024/11/30;
2024/12/01;
2024/12/06;
2024/12/07;
2024/12/08;
2024/12/14;
2024/12/15;
2024/12/21;
2024/12/22;
2024/12/25;
2024/12/28;
2024/12/29;